aircraft,case,airport,wind,start,payload_kg,result,seconds,touchdown_mps,along_m,cross_m,min_fuel,max_g,reason
swift_s6,control0,,0,0,0,pass,1,0,0,0,89.91,0.399,
swift_s6,control1,,0,0,0,pass,1,0,0,0,89.91,2.326,
swift_s6,control2,,0,0,0,pass,1,0,0,0,89.91,1.015,
swift_s6,comfort-hold,,0,0,100,pass,240,0,0.08,0.00,89.79,1.241,
swift_s6,comfort-route,CAP,0,0,100,pass,581.233,0.6421,929.12,0.14,156.67,1.249,
swift_s6,autoland,PVI,0,0,105,pass,552.017,0.6588,665.86,0.39,102.58,3.371,
swift_s6,autoland,PVI,0,0,780,pass,563.267,0.7782,691.99,0.56,98.61,3.417,
swift_s6,autoland,PVI,0,1,105,pass,207.217,0.6417,663.18,0.47,117.68,4.436,
swift_s6,autoland,PVI,0,1,780,pass,208.550,0.7876,687.08,0.63,116.19,3.888,
swift_s6,autoland,PVI,1,0,105,pass,635.217,0.7493,681.52,2.25,98.35,3.902,
swift_s6,autoland,PVI,1,0,780,pass,635.917,0.7829,712.74,2.78,94.13,3.604,
swift_s6,autoland,PVI,1,1,105,pass,215.517,0.8134,687.96,2.60,117.08,4.442,
swift_s6,autoland,PVI,1,1,780,pass,216.783,0.8999,722.99,3.09,115.54,4.015,
swift_s6,autoland,PVI,2,0,105,pass,531.500,0.7638,581.78,2.09,103.17,4.132,
swift_s6,autoland,PVI,2,0,780,pass,536.333,0.2846,630.43,1.93,100.95,3.889,
swift_s6,autoland,PVI,2,1,105,pass,191.650,0.7254,556.40,3.17,118.02,4.388,
swift_s6,autoland,PVI,2,1,780,pass,193.600,1.3331,575.41,3.84,116.86,3.809,
swift_s6,autoland,CAP,0,0,105,pass,575.433,0.6343,922.51,0.39,102.15,3.282,
swift_s6,autoland,CAP,0,0,780,pass,577.000,0.7743,946.14,0.51,98.42,3.371,
swift_s6,autoland,CAP,0,1,105,pass,518.783,0.6432,922.14,0.37,102.55,2.809,
swift_s6,autoland,CAP,0,1,780,pass,517.167,0.7661,947.37,0.57,98.81,2.898,
swift_s6,autoland,CAP,1,0,105,pass,606.950,0.7355,910.27,2.13,100.70,3.809,
swift_s6,autoland,CAP,1,0,780,pass,604.150,0.6761,936.21,2.32,97.25,3.674,
swift_s6,autoland,CAP,1,1,105,pass,519.967,0.6057,906.08,2.03,102.63,3.031,
swift_s6,autoland,CAP,1,1,780,pass,517.950,0.7767,930.57,2.66,98.90,2.792,
swift_s6,autoland,CAP,2,0,105,pass,569.433,0.8945,983.20,4.21,102.42,3.917,
swift_s6,autoland,CAP,2,0,780,pass,567.667,0.2482,977.17,5.23,100.19,3.963,
swift_s6,autoland,CAP,2,1,105,pass,584.700,1.2363,989.34,4.12,98.28,3.407,
swift_s6,autoland,CAP,2,1,780,pass,603.650,1.0888,888.17,3.00,92.43,3.994,
swift_s6,autoland,NPT,0,0,105,pass,377.833,0.6134,384.48,0.60,110.64,3.514,
swift_s6,autoland,NPT,0,0,780,pass,252.717,0.7548,408.83,0.91,117.32,2.287,
swift_s6,autoland,NPT,0,1,105,pass,299.100,0.6356,389.80,0.62,113.82,4.813,
swift_s6,autoland,NPT,0,1,780,pass,299.483,0.8018,414.33,0.97,111.69,4.201,
swift_s6,autoland,NPT,1,0,105,pass,382.500,0.8010,369.62,2.34,110.68,3.286,
swift_s6,autoland,NPT,1,0,780,pass,364.983,0.8128,389.40,2.42,109.32,3.189,
swift_s6,autoland,NPT,1,1,105,pass,305.450,0.5594,424.75,2.50,113.38,5.130,
swift_s6,autoland,NPT,1,1,780,pass,190.717,1.0154,426.19,4.07,117.78,4.433,
swift_s6,autoland,NPT,2,0,105,pass,322.683,0.7989,398.00,2.94,113.28,2.364,
swift_s6,autoland,NPT,2,0,780,pass,290.500,1.4962,532.52,4.07,114.75,2.577,
swift_s6,autoland,NPT,2,1,105,pass,241.617,1.1300,243.48,4.05,115.94,4.949,
swift_s6,autoland,NPT,2,1,780,pass,245.833,1.7761,301.69,5.57,112.91,4.284,
swift_s6,autoland,CDR,0,0,105,pass,534.433,0.6589,129.35,1.12,100.90,3.224,
swift_s6,autoland,CDR,0,0,780,pass,590.017,0.7624,154.58,1.93,91.21,3.986,
swift_s6,autoland,CDR,0,1,105,pass,199.083,0.6098,130.97,0.96,117.62,4.079,
swift_s6,autoland,CDR,0,1,780,pass,199.600,0.7626,154.80,1.27,115.99,3.644,
swift_s6,autoland,CDR,1,0,105,pass,580.800,0.6810,152.36,1.74,98.05,3.733,
swift_s6,autoland,CDR,1,0,780,pass,579.850,0.9204,171.42,2.34,91.77,4.253,
swift_s6,autoland,CDR,1,1,105,pass,208.600,0.6253,152.19,1.65,116.92,4.062,
swift_s6,autoland,CDR,1,1,780,pass,209.550,0.7411,175.77,1.66,115.17,3.769,
swift_s6,autoland,CDR,2,0,105,pass,542.200,1.1372,106.72,3.12,100.07,4.202,
swift_s6,autoland,CDR,2,0,780,pass,549.183,0.9060,84.85,2.61,95.22,3.635,
swift_s6,autoland,CDR,2,1,105,pass,181.433,1.3822,15.55,0.51,117.93,4.018,
swift_s6,autoland,CDR,2,1,780,pass,180.917,1.7154,85.10,1.48,116.81,3.475,
swift_s6,takeoff,CAP,0,0,105,pass,14.733,0,418.76,0,178.22,3.062,
swift_s6,takeoff,CAP,0,0,780,pass,28.383,0,927.50,0,176.57,2.472,
xr14_nightjar,control0,,0,0,0,pass,1,0,0,0,649.22,0.168,
xr14_nightjar,control1,,0,0,0,pass,1,0,0,0,649.22,2.807,
xr14_nightjar,control2,,0,0,0,pass,1,0,0,0,649.22,1.077,
xr14_nightjar,comfort-hold,,0,0,100,pass,240,0,0.02,0.00,656.71,1.248,
xr14_nightjar,comfort-route,CAP,0,0,100,pass,406.233,0.9719,707.06,0.20,1174.90,1.252,
xr14_nightjar,autoland,PVI,0,0,25,pass,511.000,1.0191,466.83,0.07,740.31,4.804,
xr14_nightjar,autoland,PVI,0,0,190,pass,513.250,1.0494,464.81,0.05,738.54,4.797,
xr14_nightjar,autoland,PVI,0,1,25,pass,240.283,0.9889,456.61,0.04,839.35,4.859,
xr14_nightjar,autoland,PVI,0,1,190,pass,239.867,1.0200,467.28,0.04,839.05,4.851,
xr14_nightjar,autoland,PVI,1,0,25,pass,383.533,0.7837,507.41,2.66,786.60,5.020,
xr14_nightjar,autoland,PVI,1,0,190,pass,383.383,0.8245,504.63,2.63,786.06,5.011,
xr14_nightjar,autoland,PVI,1,1,25,pass,259.450,1.0553,504.18,3.20,831.81,4.779,
xr14_nightjar,autoland,PVI,1,1,190,pass,259.733,1.0978,499.96,3.21,831.22,4.770,
xr14_nightjar,autoland,PVI,2,0,25,pass,354.100,1.9530,380.43,1.37,797.00,5.019,
xr14_nightjar,autoland,PVI,2,0,190,pass,354.133,2.1674,341.40,2.37,796.23,5.004,
xr14_nightjar,autoland,PVI,2,1,25,pass,233.367,1.5952,446.02,1.00,839.60,4.677,
xr14_nightjar,autoland,PVI,2,1,190,pass,233.433,1.6180,445.63,1.02,839.18,4.665,
xr14_nightjar,autoland,CAP,0,0,25,pass,444.867,1.0407,734.37,0.09,760.57,4.807,
xr14_nightjar,autoland,CAP,0,0,190,pass,444.550,1.0669,746.57,0.14,759.61,4.800,
xr14_nightjar,autoland,CAP,0,1,25,pass,529.350,1.0125,729.94,0.39,721.24,4.807,
xr14_nightjar,autoland,CAP,0,1,190,pass,525.517,1.0396,756.70,0.45,721.16,4.801,
xr14_nightjar,autoland,CAP,1,0,25,pass,333.150,1.0841,729.46,3.90,806.62,5.027,
xr14_nightjar,autoland,CAP,1,0,190,pass,333.233,1.1007,722.21,3.88,806.09,5.017,
xr14_nightjar,autoland,CAP,1,1,25,pass,378.317,1.0601,717.87,3.22,787.75,5.023,
xr14_nightjar,autoland,CAP,1,1,190,pass,378.250,1.0719,719.80,3.19,787.39,5.016,
xr14_nightjar,autoland,CAP,2,0,25,pass,392.467,1.7009,881.03,8.46,782.74,5.196,
xr14_nightjar,autoland,CAP,2,0,190,pass,392.900,1.8410,884.57,8.40,781.96,5.190,
xr14_nightjar,autoland,CAP,2,1,25,pass,393.983,1.7585,890.10,9.29,774.27,5.136,
xr14_nightjar,autoland,CAP,2,1,190,pass,393.917,1.8012,897.44,9.43,773.75,5.129,
xr14_nightjar,autoland,NPT,0,0,25,pass,233.000,0.9387,166.04,0.30,846.35,4.948,
xr14_nightjar,autoland,NPT,0,0,190,pass,231.933,0.9281,182.52,0.35,846.58,4.945,
xr14_nightjar,autoland,NPT,0,1,25,pass,170.517,1.0511,175.28,0.42,862.94,4.864,
xr14_nightjar,autoland,NPT,0,1,190,pass,170.767,1.0639,177.04,0.42,862.47,4.857,
xr14_nightjar,autoland,NPT,1,0,25,pass,230.517,1.2588,143.45,3.50,847.89,5.148,
xr14_nightjar,autoland,NPT,1,0,190,pass,229.800,1.2725,122.44,3.47,847.84,5.145,
xr14_nightjar,autoland,NPT,1,1,25,pass,173.983,0.8414,201.61,3.27,861.21,4.784,
xr14_nightjar,autoland,NPT,1,1,190,pass,174.233,0.8458,203.89,3.41,860.75,4.774,
xr14_nightjar,autoland,NPT,2,0,25,pass,303.233,2.1501,185.28,4.17,816.82,5.230,
xr14_nightjar,autoland,NPT,2,0,190,pass,303.450,2.1861,183.32,4.15,816.15,5.227,
xr14_nightjar,autoland,NPT,2,1,25,pass,394.867,2.5299,290.76,5.63,771.73,6.247,
xr14_nightjar,autoland,NPT,2,1,190,pass,394.883,2.5996,285.07,5.50,770.97,5.964,
xr14_nightjar,autoland,CDR,0,0,25,pass,597.083,0.9200,90.44,1.36,686.01,4.795,
xr14_nightjar,autoland,CDR,0,0,190,pass,600.783,0.9833,88.03,1.46,682.55,4.794,
xr14_nightjar,autoland,CDR,0,1,25,pass,167.317,0.9711,107.16,0.76,862.06,4.825,
xr14_nightjar,autoland,CDR,0,1,190,pass,167.717,0.9806,115.07,0.60,861.47,4.817,
xr14_nightjar,autoland,CDR,1,0,25,pass,487.083,0.9553,72.29,2.20,731.14,4.914,
xr14_nightjar,autoland,CDR,1,0,190,pass,487.750,0.9286,61.69,2.41,729.60,4.895,
xr14_nightjar,autoland,CDR,1,1,25,pass,170.483,0.9023,31.77,2.15,860.83,4.738,
xr14_nightjar,autoland,CDR,1,1,190,pass,170.717,0.9543,36.98,2.30,860.25,4.729,
xr14_nightjar,autoland,CDR,2,0,25,pass,334.617,1.5327,165.77,2.69,792.35,5.112,
xr14_nightjar,autoland,CDR,2,0,190,pass,335.083,1.4975,165.62,2.75,791.42,5.095,
xr14_nightjar,autoland,CDR,2,1,25,pass,155.950,1.6155,168.39,5.69,866.11,4.720,
xr14_nightjar,autoland,CDR,2,1,190,pass,155.867,1.7024,157.39,5.84,865.86,4.681,
xr14_nightjar,takeoff,CAP,0,0,25,pass,29.333,0,1125.24,0,1269.90,3.031,
xr14_nightjar,takeoff,CAP,0,0,190,pass,30.250,0,1171.37,0,1268.96,3.009,
