kind,name,lod,vertices,min_x,min_y,min_z,max_x,max_y,max_z,degenerate_triangles
32,Hangar,0,312,-20.6,-2,-16.6,20.6,13,16.6,0
32,Hangar,1,114,-20.6,-2,-16.6,20.6,13,16.6,0
32,Hangar,2,78,-20.1,-2,-16.1,20.1,13,16.12,0
32,Hangar,3,5916,-20.6,-2,-16.6,20.6,13,16.6,0
33,Arch hangar,0,504,-9.1,-2,-12.1,9.1,7.5,12.25,0
33,Arch hangar,1,228,-9.1,-2,-12.1,9.1,7.5,12.25,0
33,Arch hangar,2,132,-9.1,-2,-12.1,9.1,7.5,12.1,0
33,Arch hangar,3,5868,-9.1,-2,-12.1,9.1,7.5,12.25,0
34,T-hangars,0,264,-24.4,-2,-7.4,24.4,4.8,7.4,0
34,T-hangars,1,210,-24.4,-2,-7.4,24.4,4.8,7.4,0
34,T-hangars,2,90,-24.4,-2,-7.4,24.4,4.8,7.4,0
34,T-hangars,3,1344,-24.4,-2,-7.4,24.4,4.8,7.4,0
35,Terminal,0,846,-63,-2,-27,63,16.6,25,0
35,Terminal,1,594,-63,-2,-27,63,15,25,0
35,Terminal,2,96,-63,-2,-21,63,12.65,25,0
35,Terminal,3,16782,-63,-2,-27,63,16.6,25,0
36,Control tower,0,726,-5.2,-2,-5.2,5.2,34,5.2,0
36,Control tower,1,462,-5.2,-2,-5.2,5.2,34,5.2,0
36,Control tower,2,318,-5.2,-2,-5.2,5.2,31.4,5.2,0
36,Control tower,3,4950,-5.2,-2,-5.2,5.2,34,5.2,0
37,Flight centre,0,288,-10.2,-2,-7.2,10.2,9,9,0
37,Flight centre,1,132,-10.2,-2,-7.2,10.2,5,9,0
37,Flight centre,2,90,-10.2,-2,-7.2,10.2,5,7.2,0
37,Flight centre,3,1800,-10.2,-2,-7.2,10.2,9,9,0
38,Fuel tank,0,636,-6,-1,-6,6,9,6,0
38,Fuel tank,1,288,-6,-1,-6,6,9,6,0
38,Fuel tank,2,96,-4.6,-0.5,-4.6,4.6,9,4.6,0
38,Fuel tank,3,5088,-6,-1,-6,6,9,6,0
39,Fuel pump,0,324,-2.5,-0.5,-1.6,2.5,2.57618,1.62472,0
39,Fuel pump,1,228,-2.5,-0.5,-1.6,2.5,2.6,1.6,0
39,Fuel pump,2,222,-2.5,-0.5,-1.6,2.5,2.6,1.6,0
39,Fuel pump,3,2478,-2.5,-0.5,-1.6,2.5,2.605,1.607,0
40,Windsock,0,360,-0.4,-0.5,-0.4,3.75,6.36,0.4,0
40,Windsock,1,228,-0.4,-0.5,-0.4,3.75,6.35097,0.4,0
40,Windsock,2,228,-0.4,-0.5,-0.4,3.75,6.35097,0.4,0
40,Windsock,3,4428,-0.4,-0.5,-0.4,3.75,6.36156,0.4,0
41,Beacon,0,468,-0.8,-0.00998056,-1.01214,1.15993,15,1.01279,0
41,Beacon,1,216,-0.8,-0.00286438,-1.01214,1.15993,15,1.01279,0
41,Beacon,2,180,-0.8,-0.00286438,-1.01214,1.15993,14.6,1.01279,0
41,Beacon,3,2478,-0.8,-0.00998056,-1.01214,1.15993,15,1.01279,0
42,Parked aircraft,0,906,-5.5,0.0107676,-4.15,5.5,2.7,4.2,0
42,Parked aircraft,1,702,-5.5,0.0294744,-4.15,5.5,2.7,4.2,0
42,Parked aircraft,2,294,-5.5,0.680875,-4.15,5.5,2.7,4.16429,0
42,Parked aircraft,3,18129,-5.5,0,-4.15,5.5,2.7,4.195,0
43,Parked airliner,0,3408,-17.14,0.00577304,-19.4,17.14,11.4,19.55,0
43,Parked airliner,1,2220,-17.14,0,-19.4,17.14,11.4,19.55,0
43,Parked airliner,2,852,-17,0.400068,-19.4,17,11.4,19.55,0
43,Parked airliner,3,62838,-17.135,0,-19.4,17.135,11.4,19.55,0
44,Jet bridge,0,276,-1.9,0,-10.9,1.9,6.3,10,0
44,Jet bridge,1,240,-1.9,0,-10.9,1.9,6.3,10,0
44,Jet bridge,2,144,-1.9,0,-10.9,1.9,6.3,10,0
44,Jet bridge,3,4956,-1.9,0,-10.9,1.9,6.3,10,0
45,Car,0,3279,-0.895,0,-2.195,0.895,1.45585,2.1899,0
45,Car,1,1623,-0.895,0,-2.195,0.895,1.46,2.1899,0
45,Car,2,96,-0.88,0.32,-2.2,0.88,1.46,2.2,0
45,Car,3,25569,-0.89595,0,-2.198,0.89595,1.46,2.198,0
46,Truck,0,1476,-1.25,0,-4.4,1.25,3.055,4.52,0
46,Truck,1,792,-1.25,0.0234929,-4.4,1.25,3.05,4.52,0
46,Truck,2,168,-1.25,0.45,-4.4,1.25,3.05,4.5,0
46,Truck,3,24918,-1.2492,0,-4.4,1.2492,3.054,4.535,0
47,Fence,0,90,-10.045,-0.3,-0.045,10,2.45,0.045,0
47,Fence,1,66,-10.045,-0.3,-0.045,10,2.45,0.045,0
47,Fence,2,42,-10.045,-0.3,-0.045,10,2.45,0.045,0
47,Fence,3,300,-10.045,-0.3,-0.045,10,2.45,0.045,0
48,Localizer,0,960,-17,-0.4,-0.35,17,3,0.35,0
48,Localizer,1,498,-17,-0.4,-0.35,17,3,0.35,0
48,Localizer,2,72,-17,-0.4,-0.35,17,3,0.35,0
48,Localizer,3,1716,-17,-0.4,-0.35,17,3,0.354,0
49,Radar,0,1572,-3.73887,-0.517916,-3.73885,3.73887,22.5,3.73885,0
49,Radar,1,372,-3.73887,-0.517916,-3.73885,3.73887,22.5,3.73885,0
49,Radar,2,372,-3.73887,-0.517916,-3.73885,3.73887,22.5,3.73885,0
49,Radar,3,5220,-3.73887,-0.517916,-3.73885,3.73887,22.5,3.73885,0
50,Mast,0,210,-1.4,-0.5,-1.5,1.4,12,0.8,0
50,Mast,1,183,-1.4,-0.5,-1.5,1.4,12,0.8,0
50,Mast,2,75,-1.4,-0.5,-1.5,1.4,12,0.629443,0
50,Mast,3,894,-1.4,-0.5,-1.503,1.4,12,0.8,0
51,Floodlight mast,0,120,-1.4,-0.5,-0.35,1.4,19.9,0.35,0
51,Floodlight mast,1,96,-1.4,-0.5,-0.35,1.4,19.9,0.35,0
51,Floodlight mast,2,96,-1.4,-0.5,-0.35,1.4,19.9,0.35,0
51,Floodlight mast,3,1872,-1.37,-0.5,-0.345,1.37,19.87,0.33,0
