scene,q,mode,group,view_instances,view_triangles,view_draws,near_shadow_instances,near_shadow_triangles,near_shadow_draws,far_shadow_instances,far_shadow_triangles,far_shadow_draws,close_instances,close_triangles,near_radius,fade_inner,fade_outer,settled_agl
capital_overview,1,3,all,48968,1999415,39,551,116903,15,47390,1649994,18,0,0,420,210,327.599976,244.317505
capital_overview,1,3,nature,46253,1680244,16,63,17856,4,43783,1342032,6,0,0,420,210,327.599976,244.317505
capital_overview,1,3,structures,2715,319171,23,488,99047,11,3607,307962,12,0,0,420,210,327.599976,244.317505
capital_overview,1,3,tower_sky,223,22344,4,59,6472,2,223,18264,2,0,0,420,210,327.599976,244.317505
capital_street,1,3,all,64292,3631234,37,64,9526,7,45095,1608305,17,49,290990,96,48,74.8799973,4.21949005
capital_street,1,3,nature,63233,3170240,17,1,774,1,41648,1310928,5,1,5360,96,48,74.8799973,4.21949005
capital_street,1,3,structures,1059,460994,20,63,8752,6,3447,297377,12,48,285630,96,48,74.8799973,4.21949005
capital_street,1,3,tower_sky,88,250916,4,54,6608,2,223,18264,2,37,245532,96,48,74.8799973,4.21949005
capital_tower_close,1,3,all,65664,3581646,41,66,11476,8,44810,1601845,17,51,280089,96,48,74.8799973,12.745163
capital_tower_close,1,3,nature,64251,3075552,18,3,2322,1,41275,1299078,5,1,5360,96,48,74.8799973,12.745163
capital_tower_close,1,3,structures,1413,506094,23,63,9154,7,3535,302767,12,50,274729,96,48,74.8799973,12.745163
capital_tower_close,1,3,tower_sky,132,263268,4,48,5888,2,223,18264,2,41,252892,96,48,74.8799973,12.745163
port_verde_overview,1,3,all,32657,1329288,34,484,99779,14,22406,908112,19,0,0,420,210,327.599976,220.93277
port_verde_overview,1,3,nature,29570,991858,11,47,18224,4,18180,562986,4,0,0,420,210,327.599976,220.93277
port_verde_overview,1,3,structures,3087,337430,23,437,81555,10,4226,345126,15,0,0,420,210,327.599976,220.93277
port_verde_overview,1,3,tower_sky,253,25896,4,84,9952,2,253,20696,2,0,0,420,210,327.599976,220.93277
port_verde_street,1,3,all,44147,2566736,33,53,10036,7,32021,1203252,16,43,270424,96,48,74.8799973,2.646698
port_verde_street,1,3,nature,42582,2066228,12,3,2322,1,28150,889544,4,1,5360,96,48,74.8799973,2.646698
port_verde_street,1,3,structures,1565,500508,21,50,7714,6,3871,313708,12,42,265064,96,48,74.8799973,2.646698
port_verde_street,1,3,tower_sky,105,231856,4,40,4992,2,253,20696,2,34,223880,96,48,74.8799973,2.646698
port_verde_tower_close,1,3,all,40423,2229167,37,63,10956,7,30390,1159403,16,44,283363,96,48,74.8799973,7.08013916
port_verde_tower_close,1,3,nature,38830,1722690,15,2,1548,1,26386,833176,4,1,5360,96,48,74.8799973,7.08013916
port_verde_tower_close,1,3,structures,1593,506477,22,61,9408,6,4004,326227,12,43,278003,96,48,74.8799973,7.08013916
port_verde_tower_close,1,3,tower_sky,131,263918,4,50,6512,2,253,20696,2,37,253598,96,48,74.8799973,7.08013916
airport_capital,1,3,all,25113,1715779,41,34,1020,1,13257,636404,24,0,0,420,210,327.599976,190
airport_capital,1,3,nature,24443,1464434,14,0,0,0,12376,386660,5,0,0,420,210,327.599976,190
airport_capital,1,3,structures,670,251345,27,34,1020,1,881,249744,19,0,0,420,210,327.599976,190
airport_capital,1,3,tower_sky,0,0,0,0,0,0,0,0,0,0,0,420,210,327.599976,190
airport_ramp_close,1,3,all,32975,2217959,57,56,57279,5,30735,1177910,27,9,71024,96,48,74.8799973,8.60000038
airport_ramp_close,1,3,nature,29064,1561949,17,0,0,0,29905,928766,5,0,0,96,48,74.8799973,8.60000038
airport_ramp_close,1,3,structures,3911,656010,40,56,57279,5,830,249144,22,9,71024,96,48,74.8799973,8.60000038
airport_ramp_close,1,3,tower_sky,223,16764,4,0,0,0,0,0,0,0,0,96,48,74.8799973,8.60000038
capital_overview,2,3,all,72946,3769758,39,760,181323,16,71544,2409710,20,0,0,520,260,405.599976,244.317505
capital_overview,2,3,nature,70228,3313721,18,86,47496,4,67937,2101748,8,0,0,520,260,405.599976,244.317505
capital_overview,2,3,structures,2718,456037,21,674,133827,12,3607,307962,12,0,0,520,260,405.599976,244.317505
capital_overview,2,3,tower_sky,223,25064,2,96,10816,2,223,18264,2,0,0,520,260,405.599976,244.317505
capital_street,2,3,all,86510,6123008,36,64,9526,7,68545,2333674,21,69,410306,96,48,74.8799973,4.21949005
capital_street,2,3,nature,85446,5504392,18,1,774,1,64938,2025712,9,1,5360,96,48,74.8799973,4.21949005
capital_street,2,3,structures,1064,618616,18,63,8752,6,3607,307962,12,68,404946,96,48,74.8799973,4.21949005
capital_street,2,3,tower_sky,90,349710,4,54,6608,2,223,18264,2,52,345726,96,48,74.8799973,4.21949005
capital_tower_close,2,3,all,85589,6213700,40,66,11476,8,70059,2383574,21,75,427865,96,48,74.8799973,12.745163
capital_tower_close,2,3,nature,84177,5502824,19,3,2322,1,66452,2075612,9,1,5360,96,48,74.8799973,12.745163
capital_tower_close,2,3,structures,1412,710876,21,63,9154,7,3607,307962,12,74,422505,96,48,74.8799973,12.745163
capital_tower_close,2,3,tower_sky,129,378802,4,48,5888,2,223,18264,2,57,371058,96,48,74.8799973,12.745163
port_verde_overview,2,3,all,38096,2021379,39,697,158985,15,32807,1234612,19,2,3708,520,260,405.599976,220.93277
port_verde_overview,2,3,nature,34939,1546811,15,60,39618,4,28573,889084,4,0,0,520,260,405.599976,220.93277
port_verde_overview,2,3,structures,3157,474568,24,637,119367,11,4234,345528,15,2,3708,520,260,405.599976,220.93277
port_verde_overview,2,3,tower_sky,253,28536,2,129,15128,2,253,20696,2,0,0,520,260,405.599976,220.93277
port_verde_street,2,3,all,47093,4381311,31,53,10036,7,42112,1542340,16,60,386117,96,48,74.8799973,2.646698
port_verde_street,2,3,nature,45540,3701850,13,3,2322,1,37902,1197958,4,1,5360,96,48,74.8799973,2.646698
port_verde_street,2,3,structures,1553,679461,18,50,7714,6,4210,344382,12,59,380757,96,48,74.8799973,2.646698
port_verde_street,2,3,tower_sky,106,335124,4,40,4992,2,253,20696,2,47,328460,96,48,74.8799973,2.646698
port_verde_tower_close,2,3,all,45393,4051271,42,63,10956,7,40970,1504910,19,57,392883,96,48,74.8799973,7.08013916
port_verde_tower_close,2,3,nature,43775,3361648,15,2,1548,1,36751,1160140,4,1,5360,96,48,74.8799973,7.08013916
port_verde_tower_close,2,3,structures,1618,689623,27,61,9408,6,4219,344770,15,56,387523,96,48,74.8799973,7.08013916
port_verde_tower_close,2,3,tower_sky,128,365146,4,50,6512,2,253,20696,2,49,356338,96,48,74.8799973,7.08013916
airport_capital,2,3,all,35900,2882541,44,48,2312,5,23704,967356,24,0,0,520,260,405.599976,190
airport_capital,2,3,nature,35230,2401818,16,5,948,3,22783,716588,5,0,0,520,260,405.599976,190
airport_capital,2,3,structures,670,480723,28,43,1364,2,921,250768,19,0,0,520,260,405.599976,190
airport_capital,2,3,tower_sky,0,0,0,0,0,0,0,0,0,0,0,520,260,405.599976,190
airport_ramp_close,2,3,all,37080,3091825,60,56,57279,5,45957,1750684,36,26,175672,96,48,74.8799973,8.60000038
airport_ramp_close,2,3,nature,33147,2311471,21,0,0,0,43211,1342319,6,0,0,96,48,74.8799973,8.60000038
airport_ramp_close,2,3,structures,3933,780354,39,56,57279,5,2746,408365,30,26,175672,96,48,74.8799973,8.60000038
airport_ramp_close,2,3,tower_sky,223,18264,2,0,0,0,170,13904,2,0,0,96,48,74.8799973,8.60000038
