scene,q,mode,group,view_instances,view_triangles,view_draws,near_shadow_instances,near_shadow_triangles,near_shadow_draws,far_shadow_instances,far_shadow_triangles,far_shadow_draws,close_instances,close_triangles
capital_overview,1,0,all,49081,2020956,39,551,116903,15,47390,1649994,18,0,0
capital_overview,1,0,nature,46289,1684306,16,63,17856,4,43783,1342032,6,0,0
capital_overview,1,0,structures,2792,336650,23,488,99047,11,3607,307962,12,0,0
capital_overview,1,0,tower_sky,223,22344,4,59,6472,2,223,18264,2,0,0
capital_overview,1,1,all,49081,2020956,39,551,116903,15,47390,1649994,18,0,0
capital_overview,1,1,nature,46289,1684306,16,63,17856,4,43783,1342032,6,0,0
capital_overview,1,1,structures,2792,336650,23,488,99047,11,3607,307962,12,0,0
capital_overview,1,1,tower_sky,223,22344,4,59,6472,2,223,18264,2,0,0
capital_overview,1,2,all,49081,2020956,39,551,116903,15,47390,1649994,18,0,0
capital_overview,1,2,nature,46289,1684306,16,63,17856,4,43783,1342032,6,0,0
capital_overview,1,2,structures,2792,336650,23,488,99047,11,3607,307962,12,0,0
capital_overview,1,2,tower_sky,223,22344,4,59,6472,2,223,18264,2,0,0
capital_overview,1,3,all,48968,1999415,39,551,116903,15,47390,1649994,18,0,0
capital_overview,1,3,nature,46253,1680244,16,63,17856,4,43783,1342032,6,0,0
capital_overview,1,3,structures,2715,319171,23,488,99047,11,3607,307962,12,0,0
capital_overview,1,3,tower_sky,223,22344,4,59,6472,2,223,18264,2,0,0
capital_overview,1,4,all,48968,1999415,39,551,116903,15,47390,1649994,18,0,0
capital_overview,1,4,nature,46253,1680244,16,63,17856,4,43783,1342032,6,0,0
capital_overview,1,4,structures,2715,319171,23,488,99047,11,3607,307962,12,0,0
capital_overview,1,4,tower_sky,223,22344,4,59,6472,2,223,18264,2,0,0
capital_street,1,0,all,64622,3361642,34,484,90860,8,45095,1608305,17,0,0
capital_street,1,0,nature,63550,3178214,17,3,2322,1,41648,1310928,5,0,0
capital_street,1,0,structures,1072,183428,17,481,88538,7,3447,297377,12,0,0
capital_street,1,0,tower_sky,99,10824,2,192,21952,2,223,18264,2,0,0
capital_street,1,1,all,64638,3819254,39,484,90860,8,45095,1608305,17,77,467520
capital_street,1,1,nature,63550,3191972,17,3,2322,1,41648,1310928,5,3,16080
capital_street,1,1,structures,1088,627282,22,481,88538,7,3447,297377,12,74,451440
capital_street,1,1,tower_sky,110,392878,4,192,21952,2,223,18264,2,57,387190
capital_street,1,2,all,64607,3642246,37,484,90860,8,45095,1608305,17,49,290990
capital_street,1,2,nature,63548,3181252,17,3,2322,1,41648,1310928,5,1,5360
capital_street,1,2,structures,1059,460994,20,481,88538,7,3447,297377,12,48,285630
capital_street,1,2,tower_sky,88,250916,4,192,21952,2,223,18264,2,37,245532
capital_street,1,3,all,64292,3631234,37,484,90860,8,45095,1608305,17,49,290990
capital_street,1,3,nature,63233,3170240,17,3,2322,1,41648,1310928,5,1,5360
capital_street,1,3,structures,1059,460994,20,481,88538,7,3447,297377,12,48,285630
capital_street,1,3,tower_sky,88,250916,4,192,21952,2,223,18264,2,37,245532
capital_street,1,4,all,64307,3350630,34,484,90860,8,45095,1608305,17,0,0
capital_street,1,4,nature,63235,3167202,17,3,2322,1,41648,1310928,5,0,0
capital_street,1,4,structures,1072,183428,17,481,88538,7,3447,297377,12,0,0
capital_street,1,4,tower_sky,99,10824,2,192,21952,2,223,18264,2,0,0
capital_tower_close,1,0,all,66312,3338413,34,467,87842,8,44810,1601845,17,0,0
capital_tower_close,1,0,nature,64825,3090064,17,3,2322,1,41275,1299078,5,0,0
capital_tower_close,1,0,structures,1487,248349,17,464,85520,7,3535,302767,12,0,0
capital_tower_close,1,0,tower_sky,177,19672,2,207,23464,2,223,18264,2,0,0
capital_tower_close,1,1,all,66339,4145806,41,467,87842,8,44810,1601845,17,137,823603
capital_tower_close,1,1,nature,64825,3099236,18,3,2322,1,41275,1299078,5,2,10720
capital_tower_close,1,1,structures,1514,1046570,23,464,85520,7,3535,302767,12,135,812883
capital_tower_close,1,1,tower_sky,195,678186,4,207,23464,2,223,18264,2,95,666826
capital_tower_close,1,2,all,66237,3599970,41,467,87842,8,44810,1601845,17,51,280089
capital_tower_close,1,2,nature,64824,3093876,18,3,2322,1,41275,1299078,5,1,5360
capital_tower_close,1,2,structures,1413,506094,23,464,85520,7,3535,302767,12,50,274729
capital_tower_close,1,2,tower_sky,132,263268,4,207,23464,2,223,18264,2,41,252892
capital_tower_close,1,3,all,65664,3581646,41,467,87842,8,44810,1601845,17,51,280089
capital_tower_close,1,3,nature,64251,3075552,18,3,2322,1,41275,1299078,5,1,5360
capital_tower_close,1,3,structures,1413,506094,23,464,85520,7,3535,302767,12,50,274729
capital_tower_close,1,3,tower_sky,132,263268,4,207,23464,2,223,18264,2,41,252892
capital_tower_close,1,4,all,65739,3320089,34,467,87842,8,44810,1601845,17,0,0
capital_tower_close,1,4,nature,64252,3071740,17,3,2322,1,41275,1299078,5,0,0
capital_tower_close,1,4,structures,1487,248349,17,464,85520,7,3535,302767,12,0,0
capital_tower_close,1,4,tower_sky,177,19672,2,207,23464,2,223,18264,2,0,0
port_verde_overview,1,0,all,32670,1330068,34,484,99779,14,22406,908112,19,0,0
port_verde_overview,1,0,nature,29583,992638,11,47,18224,4,18180,562986,4,0,0
port_verde_overview,1,0,structures,3087,337430,23,437,81555,10,4226,345126,15,0,0
port_verde_overview,1,0,tower_sky,253,25896,4,84,9952,2,253,20696,2,0,0
port_verde_overview,1,1,all,32670,1330068,34,484,99779,14,22406,908112,19,0,0
port_verde_overview,1,1,nature,29583,992638,11,47,18224,4,18180,562986,4,0,0
port_verde_overview,1,1,structures,3087,337430,23,437,81555,10,4226,345126,15,0,0
port_verde_overview,1,1,tower_sky,253,25896,4,84,9952,2,253,20696,2,0,0
port_verde_overview,1,2,all,32670,1330068,34,484,99779,14,22406,908112,19,0,0
port_verde_overview,1,2,nature,29583,992638,11,47,18224,4,18180,562986,4,0,0
port_verde_overview,1,2,structures,3087,337430,23,437,81555,10,4226,345126,15,0,0
port_verde_overview,1,2,tower_sky,253,25896,4,84,9952,2,253,20696,2,0,0
port_verde_overview,1,3,all,32657,1329288,34,484,99779,14,22406,908112,19,0,0
port_verde_overview,1,3,nature,29570,991858,11,47,18224,4,18180,562986,4,0,0
port_verde_overview,1,3,structures,3087,337430,23,437,81555,10,4226,345126,15,0,0
port_verde_overview,1,3,tower_sky,253,25896,4,84,9952,2,253,20696,2,0,0
port_verde_overview,1,4,all,32657,1329288,34,484,99779,14,22406,908112,19,0,0
port_verde_overview,1,4,nature,29570,991858,11,47,18224,4,18180,562986,4,0,0
port_verde_overview,1,4,structures,3087,337430,23,437,81555,10,4226,345126,15,0,0
port_verde_overview,1,4,tower_sky,253,25896,4,84,9952,2,253,20696,2,0,0
port_verde_street,1,0,all,44218,2315536,30,446,85070,8,32021,1203252,16,0,0
port_verde_street,1,0,nature,42586,2064024,13,4,3096,1,28150,889544,4,0,0
port_verde_street,1,0,structures,1632,251512,17,442,81974,7,3871,313708,12,0,0
port_verde_street,1,0,tower_sky,156,17504,2,189,22008,2,253,20696,2,0,0
port_verde_street,1,1,all,44243,3091507,37,446,85070,8,32021,1203252,16,123,791091
port_verde_street,1,1,nature,42588,2083916,14,4,3096,1,28150,889544,4,4,21440
port_verde_street,1,1,structures,1655,1007591,23,442,81974,7,3871,313708,12,119,769651
port_verde_street,1,1,tower_sky,172,646068,4,189,22008,2,253,20696,2,92,637108
port_verde_street,1,2,all,44148,2566796,34,446,85070,8,32021,1203252,16,43,270424
port_verde_street,1,2,nature,42583,2066288,13,4,3096,1,28150,889544,4,1,5360
port_verde_street,1,2,structures,1565,500508,21,442,81974,7,3871,313708,12,42,265064
port_verde_street,1,2,tower_sky,105,231856,4,189,22008,2,253,20696,2,34,223880
port_verde_street,1,3,all,44147,2566736,33,446,85070,8,32021,1203252,16,43,270424
port_verde_street,1,3,nature,42582,2066228,12,4,3096,1,28150,889544,4,1,5360
port_verde_street,1,3,structures,1565,500508,21,442,81974,7,3871,313708,12,42,265064
port_verde_street,1,3,tower_sky,105,231856,4,189,22008,2,253,20696,2,34,223880
port_verde_street,1,4,all,44217,2315476,29,446,85070,8,32021,1203252,16,0,0
port_verde_street,1,4,nature,42585,2063964,12,4,3096,1,28150,889544,4,0,0
port_verde_street,1,4,structures,1632,251512,17,442,81974,7,3871,313708,12,0,0
port_verde_street,1,4,tower_sky,156,17504,2,189,22008,2,253,20696,2,0,0
port_verde_tower_close,1,0,all,40537,1966037,31,455,85848,8,30390,1159403,16,0,0
port_verde_tower_close,1,0,nature,38851,1720654,14,4,3096,1,26386,833176,4,0,0
port_verde_tower_close,1,0,structures,1686,245383,17,451,82752,7,4004,326227,12,0,0
port_verde_tower_close,1,0,tower_sky,156,17504,2,216,25024,2,253,20696,2,0,0
port_verde_tower_close,1,1,all,40562,2582562,38,455,85848,8,30390,1159403,16,104,628657
port_verde_tower_close,1,1,nature,38852,1726014,15,4,3096,1,26386,833176,4,1,5360
port_verde_tower_close,1,1,structures,1710,856548,23,451,82752,7,4004,326227,12,103,623297
port_verde_tower_close,1,1,tower_sky,174,511922,4,216,25024,2,253,20696,2,75,500970
port_verde_tower_close,1,2,all,40493,2235846,37,455,85848,8,30390,1159403,16,44,283363
port_verde_tower_close,1,2,nature,38852,1726014,15,4,3096,1,26386,833176,4,1,5360
port_verde_tower_close,1,2,structures,1641,509832,22,451,82752,7,4004,326227,12,43,278003
port_verde_tower_close,1,2,tower_sky,131,263918,4,216,25024,2,253,20696,2,37,253598
port_verde_tower_close,1,3,all,40423,2229167,37,455,85848,8,30390,1159403,16,44,283363
port_verde_tower_close,1,3,nature,38830,1722690,15,4,3096,1,26386,833176,4,1,5360
port_verde_tower_close,1,3,structures,1593,506477,22,451,82752,7,4004,326227,12,43,278003
port_verde_tower_close,1,3,tower_sky,131,263918,4,216,25024,2,253,20696,2,37,253598
port_verde_tower_close,1,4,all,40467,1959358,31,455,85848,8,30390,1159403,16,0,0
port_verde_tower_close,1,4,nature,38829,1717330,14,4,3096,1,26386,833176,4,0,0
port_verde_tower_close,1,4,structures,1638,242028,17,451,82752,7,4004,326227,12,0,0
port_verde_tower_close,1,4,tower_sky,156,17504,2,216,25024,2,253,20696,2,0,0
airport_capital,1,0,all,25165,1719791,41,34,1020,1,13257,636404,24,0,0
airport_capital,1,0,nature,24495,1468446,14,0,0,0,12376,386660,5,0,0
airport_capital,1,0,structures,670,251345,27,34,1020,1,881,249744,19,0,0
airport_capital,1,0,tower_sky,0,0,0,0,0,0,0,0,0,0,0
airport_capital,1,1,all,25165,1719791,41,34,1020,1,13257,636404,24,0,0
airport_capital,1,1,nature,24495,1468446,14,0,0,0,12376,386660,5,0,0
airport_capital,1,1,structures,670,251345,27,34,1020,1,881,249744,19,0,0
airport_capital,1,1,tower_sky,0,0,0,0,0,0,0,0,0,0,0
airport_capital,1,2,all,25165,1719791,41,34,1020,1,13257,636404,24,0,0
airport_capital,1,2,nature,24495,1468446,14,0,0,0,12376,386660,5,0,0
airport_capital,1,2,structures,670,251345,27,34,1020,1,881,249744,19,0,0
airport_capital,1,2,tower_sky,0,0,0,0,0,0,0,0,0,0,0
airport_capital,1,3,all,25113,1715779,41,34,1020,1,13257,636404,24,0,0
airport_capital,1,3,nature,24443,1464434,14,0,0,0,12376,386660,5,0,0
airport_capital,1,3,structures,670,251345,27,34,1020,1,881,249744,19,0,0
airport_capital,1,3,tower_sky,0,0,0,0,0,0,0,0,0,0,0
airport_capital,1,4,all,25113,1715779,41,34,1020,1,13257,636404,24,0,0
airport_capital,1,4,nature,24443,1464434,14,0,0,0,12376,386660,5,0,0
airport_capital,1,4,structures,670,251345,27,34,1020,1,881,249744,19,0,0
airport_capital,1,4,tower_sky,0,0,0,0,0,0,0,0,0,0,0
airport_ramp_close,1,0,all,33162,2158159,54,1308,594875,16,30735,1177910,27,0,0
airport_ramp_close,1,0,nature,29248,1567911,17,839,139572,6,29905,928766,5,0,0
airport_ramp_close,1,0,structures,3914,590248,37,469,455303,10,830,249144,22,0,0
airport_ramp_close,1,0,tower_sky,223,16764,4,0,0,0,0,0,0,0,0
airport_ramp_close,1,1,all,33165,2252539,57,1308,594875,16,30735,1177910,27,14,99538
airport_ramp_close,1,1,nature,29248,1567911,17,839,139572,6,29905,928766,5,0,0
airport_ramp_close,1,1,structures,3917,684628,40,469,455303,10,830,249144,22,14,99538
airport_ramp_close,1,1,tower_sky,223,16764,4,0,0,0,0,0,0,0,0
airport_ramp_close,1,2,all,33159,2223921,57,1308,594875,16,30735,1177910,27,9,71024
airport_ramp_close,1,2,nature,29248,1567911,17,839,139572,6,29905,928766,5,0,0
airport_ramp_close,1,2,structures,3911,656010,40,469,455303,10,830,249144,22,9,71024
airport_ramp_close,1,2,tower_sky,223,16764,4,0,0,0,0,0,0,0,0
airport_ramp_close,1,3,all,32975,2217959,57,1308,594875,16,30735,1177910,27,9,71024
airport_ramp_close,1,3,nature,29064,1561949,17,839,139572,6,29905,928766,5,0,0
airport_ramp_close,1,3,structures,3911,656010,40,469,455303,10,830,249144,22,9,71024
airport_ramp_close,1,3,tower_sky,223,16764,4,0,0,0,0,0,0,0,0
airport_ramp_close,1,4,all,32978,2152197,54,1308,594875,16,30735,1177910,27,0,0
airport_ramp_close,1,4,nature,29064,1561949,17,839,139572,6,29905,928766,5,0,0
airport_ramp_close,1,4,structures,3914,590248,37,469,455303,10,830,249144,22,0,0
airport_ramp_close,1,4,tower_sky,223,16764,4,0,0,0,0,0,0,0,0
capital_overview,2,0,all,73054,3791017,39,760,181323,16,71544,2409710,20,0,0
capital_overview,2,0,nature,70259,3317501,18,86,47496,4,67937,2101748,8,0,0
capital_overview,2,0,structures,2795,473516,21,674,133827,12,3607,307962,12,0,0
capital_overview,2,0,tower_sky,223,25064,2,96,10816,2,223,18264,2,0,0
capital_overview,2,1,all,73054,3791017,39,760,181323,16,71544,2409710,20,0,0
capital_overview,2,1,nature,70259,3317501,18,86,47496,4,67937,2101748,8,0,0
capital_overview,2,1,structures,2795,473516,21,674,133827,12,3607,307962,12,0,0
capital_overview,2,1,tower_sky,223,25064,2,96,10816,2,223,18264,2,0,0
capital_overview,2,2,all,73054,3791017,39,760,181323,16,71544,2409710,20,0,0
capital_overview,2,2,nature,70259,3317501,18,86,47496,4,67937,2101748,8,0,0
capital_overview,2,2,structures,2795,473516,21,674,133827,12,3607,307962,12,0,0
capital_overview,2,2,tower_sky,223,25064,2,96,10816,2,223,18264,2,0,0
capital_overview,2,3,all,72946,3769758,39,760,181323,16,71544,2409710,20,0,0
capital_overview,2,3,nature,70228,3313721,18,86,47496,4,67937,2101748,8,0,0
capital_overview,2,3,structures,2718,456037,21,674,133827,12,3607,307962,12,0,0
capital_overview,2,3,tower_sky,223,25064,2,96,10816,2,223,18264,2,0,0
capital_overview,2,4,all,72946,3769758,39,760,181323,16,71544,2409710,20,0,0
capital_overview,2,4,nature,70228,3313721,18,86,47496,4,67937,2101748,8,0,0
capital_overview,2,4,structures,2718,456037,21,674,133827,12,3607,307962,12,0,0
capital_overview,2,4,tower_sky,223,25064,2,96,10816,2,223,18264,2,0,0
capital_street,2,0,all,86986,5739531,33,683,131205,13,68545,2333674,21,0,0
capital_street,2,0,nature,85911,5515373,18,11,3850,3,64938,2025712,9,0,0
capital_street,2,0,structures,1075,224158,15,672,127355,10,3607,307962,12,0,0
capital_street,2,0,tower_sky,99,10824,2,202,22960,2,223,18264,2,0,0
capital_street,2,1,all,87009,6344228,39,683,131205,13,68545,2333674,21,101,617179
capital_street,2,1,nature,85911,5529131,18,11,3850,3,64938,2025712,9,3,16080
capital_street,2,1,structures,1098,815097,21,672,127355,10,3607,307962,12,98,601099
capital_street,2,1,tower_sky,116,521350,4,202,22960,2,223,18264,2,75,517102
capital_street,2,2,all,86973,6137027,36,683,131205,13,68545,2333674,21,69,410306
capital_street,2,2,nature,85909,5518411,18,11,3850,3,64938,2025712,9,1,5360
capital_street,2,2,structures,1064,618616,18,672,127355,10,3607,307962,12,68,404946
capital_street,2,2,tower_sky,90,349710,4,202,22960,2,223,18264,2,52,345726
capital_street,2,3,all,86510,6123008,36,683,131205,13,68545,2333674,21,69,410306
capital_street,2,3,nature,85446,5504392,18,11,3850,3,64938,2025712,9,1,5360
capital_street,2,3,structures,1064,618616,18,672,127355,10,3607,307962,12,68,404946
capital_street,2,3,tower_sky,90,349710,4,202,22960,2,223,18264,2,52,345726
capital_street,2,4,all,86523,5725512,33,683,131205,13,68545,2333674,21,0,0
capital_street,2,4,nature,85448,5501354,18,11,3850,3,64938,2025712,9,0,0
capital_street,2,4,structures,1075,224158,15,672,127355,10,3607,307962,12,0,0
capital_street,2,4,tower_sky,99,10824,2,202,22960,2,223,18264,2,0,0
capital_tower_close,2,0,all,86373,5891497,33,676,130934,12,70059,2383574,21,0,0
capital_tower_close,2,0,nature,84883,5581416,18,6,2870,3,66452,2075612,9,0,0
capital_tower_close,2,0,structures,1490,310081,15,670,128064,9,3607,307962,12,0,0
capital_tower_close,2,0,tower_sky,177,19672,2,217,24472,2,223,18264,2,0,0
capital_tower_close,2,1,all,86407,6902258,40,676,130934,12,70059,2383574,21,176,1031695
capital_tower_close,2,1,nature,84883,5590588,19,6,2870,3,66452,2075612,9,2,10720
capital_tower_close,2,1,structures,1524,1311670,21,670,128064,9,3607,307962,12,174,1020975
capital_tower_close,2,1,tower_sky,200,826516,4,217,24472,2,223,18264,2,120,817684
capital_tower_close,2,2,all,86294,6296104,40,676,130934,12,70059,2383574,21,75,427865
capital_tower_close,2,2,nature,84882,5585228,19,6,2870,3,66452,2075612,9,1,5360
capital_tower_close,2,2,structures,1412,710876,21,670,128064,9,3607,307962,12,74,422505
capital_tower_close,2,2,tower_sky,129,378802,4,217,24472,2,223,18264,2,57,371058
capital_tower_close,2,3,all,85589,6213700,40,676,130934,12,70059,2383574,21,75,427865
capital_tower_close,2,3,nature,84177,5502824,19,6,2870,3,66452,2075612,9,1,5360
capital_tower_close,2,3,structures,1412,710876,21,670,128064,9,3607,307962,12,74,422505
capital_tower_close,2,3,tower_sky,129,378802,4,217,24472,2,223,18264,2,57,371058
capital_tower_close,2,4,all,85668,5809093,33,676,130934,12,70059,2383574,21,0,0
capital_tower_close,2,4,nature,84178,5499012,18,6,2870,3,66452,2075612,9,0,0
capital_tower_close,2,4,structures,1490,310081,15,670,128064,9,3607,307962,12,0,0
capital_tower_close,2,4,tower_sky,177,19672,2,217,24472,2,223,18264,2,0,0
port_verde_overview,2,0,all,38109,2018571,38,697,158985,15,32807,1234612,19,0,0
port_verde_overview,2,0,nature,34954,1547711,15,60,39618,4,28573,889084,4,0,0
port_verde_overview,2,0,structures,3155,470860,23,637,119367,11,4234,345528,15,0,0
port_verde_overview,2,0,tower_sky,253,28536,2,129,15128,2,253,20696,2,0,0
port_verde_overview,2,1,all,38111,2022279,39,697,158985,15,32807,1234612,19,2,3708
port_verde_overview,2,1,nature,34954,1547711,15,60,39618,4,28573,889084,4,0,0
port_verde_overview,2,1,structures,3157,474568,24,637,119367,11,4234,345528,15,2,3708
port_verde_overview,2,1,tower_sky,253,28536,2,129,15128,2,253,20696,2,0,0
port_verde_overview,2,2,all,38111,2022279,39,697,158985,15,32807,1234612,19,2,3708
port_verde_overview,2,2,nature,34954,1547711,15,60,39618,4,28573,889084,4,0,0
port_verde_overview,2,2,structures,3157,474568,24,637,119367,11,4234,345528,15,2,3708
port_verde_overview,2,2,tower_sky,253,28536,2,129,15128,2,253,20696,2,0,0
port_verde_overview,2,3,all,38096,2021379,39,697,158985,15,32807,1234612,19,2,3708
port_verde_overview,2,3,nature,34939,1546811,15,60,39618,4,28573,889084,4,0,0
port_verde_overview,2,3,structures,3157,474568,24,637,119367,11,4234,345528,15,2,3708
port_verde_overview,2,3,tower_sky,253,28536,2,129,15128,2,253,20696,2,0,0
port_verde_overview,2,4,all,38094,2017671,38,697,158985,15,32807,1234612,19,0,0
port_verde_overview,2,4,nature,34939,1546811,15,60,39618,4,28573,889084,4,0,0
port_verde_overview,2,4,structures,3155,470860,23,637,119367,11,4234,345528,15,0,0
port_verde_overview,2,4,tower_sky,253,28536,2,129,15128,2,253,20696,2,0,0
port_verde_street,2,0,all,47175,4019570,26,640,121924,12,42112,1542340,16,0,0
port_verde_street,2,0,nature,45543,3699586,13,6,3448,3,37902,1197958,4,0,0
port_verde_street,2,0,structures,1632,319984,13,634,118476,9,4210,344382,12,0,0
port_verde_street,2,0,tower_sky,156,17504,2,208,23936,2,253,20696,2,0,0
port_verde_street,2,1,all,47206,4981762,32,640,121924,12,42112,1542340,16,157,983198
port_verde_street,2,1,nature,45543,3717930,13,6,3448,3,37902,1197958,4,4,21440
port_verde_street,2,1,structures,1663,1263832,19,634,118476,9,4210,344382,12,153,961758
port_verde_street,2,1,tower_sky,171,772236,4,208,23936,2,253,20696,2,109,765180
port_verde_street,2,2,all,47093,4381311,31,640,121924,12,42112,1542340,16,60,386117
port_verde_street,2,2,nature,45540,3701850,13,6,3448,3,37902,1197958,4,1,5360
port_verde_street,2,2,structures,1553,679461,18,634,118476,9,4210,344382,12,59,380757
port_verde_street,2,2,tower_sky,106,335124,4,208,23936,2,253,20696,2,47,328460
port_verde_street,2,3,all,47093,4381311,31,640,121924,12,42112,1542340,16,60,386117
port_verde_street,2,3,nature,45540,3701850,13,6,3448,3,37902,1197958,4,1,5360
port_verde_street,2,3,structures,1553,679461,18,634,118476,9,4210,344382,12,59,380757
port_verde_street,2,3,tower_sky,106,335124,4,208,23936,2,253,20696,2,47,328460
port_verde_street,2,4,all,47175,4019570,26,640,121924,12,42112,1542340,16,0,0
port_verde_street,2,4,nature,45543,3699586,13,6,3448,3,37902,1197958,4,0,0
port_verde_street,2,4,structures,1632,319984,13,634,118476,9,4210,344382,12,0,0
port_verde_street,2,4,tower_sky,156,17504,2,208,23936,2,253,20696,2,0,0
port_verde_tower_close,2,0,all,45517,3687529,36,650,125802,8,40970,1504910,19,0,0
port_verde_tower_close,2,0,nature,43796,3360530,14,4,3096,1,36751,1160140,4,0,0
port_verde_tower_close,2,0,structures,1721,326999,22,646,122706,7,4219,344770,15,0,0
port_verde_tower_close,2,0,tower_sky,156,17504,2,239,27176,2,253,20696,2,0,0
port_verde_tower_close,2,1,all,45538,4463684,43,650,125802,8,40970,1504910,19,125,792261
port_verde_tower_close,2,1,nature,43796,3365116,15,4,3096,1,36751,1160140,4,1,5360
port_verde_tower_close,2,1,structures,1742,1098568,28,646,122706,7,4219,344770,15,124,786901
port_verde_tower_close,2,1,tower_sky,170,632506,4,239,27176,2,253,20696,2,89,623522
port_verde_tower_close,2,2,all,45462,4062270,42,650,125802,8,40970,1504910,19,57,392883
port_verde_tower_close,2,2,nature,43796,3365116,15,4,3096,1,36751,1160140,4,1,5360
port_verde_tower_close,2,2,structures,1666,697154,27,646,122706,7,4219,344770,15,56,387523
port_verde_tower_close,2,2,tower_sky,128,365146,4,239,27176,2,253,20696,2,49,356338
port_verde_tower_close,2,3,all,45393,4051271,42,650,125802,8,40970,1504910,19,57,392883
port_verde_tower_close,2,3,nature,43775,3361648,15,4,3096,1,36751,1160140,4,1,5360
port_verde_tower_close,2,3,structures,1618,689623,27,646,122706,7,4219,344770,15,56,387523
port_verde_tower_close,2,3,tower_sky,128,365146,4,239,27176,2,253,20696,2,49,356338
port_verde_tower_close,2,4,all,45448,3676530,36,650,125802,8,40970,1504910,19,0,0
port_verde_tower_close,2,4,nature,43775,3357062,14,4,3096,1,36751,1160140,4,0,0
port_verde_tower_close,2,4,structures,1673,319468,22,646,122706,7,4219,344770,15,0,0
port_verde_tower_close,2,4,tower_sky,156,17504,2,239,27176,2,253,20696,2,0,0
airport_capital,2,0,all,35941,2885775,44,48,2312,5,23704,967356,24,0,0
airport_capital,2,0,nature,35271,2405052,16,5,948,3,22783,716588,5,0,0
airport_capital,2,0,structures,670,480723,28,43,1364,2,921,250768,19,0,0
airport_capital,2,0,tower_sky,0,0,0,0,0,0,0,0,0,0,0
airport_capital,2,1,all,35941,2885775,44,48,2312,5,23704,967356,24,0,0
airport_capital,2,1,nature,35271,2405052,16,5,948,3,22783,716588,5,0,0
airport_capital,2,1,structures,670,480723,28,43,1364,2,921,250768,19,0,0
airport_capital,2,1,tower_sky,0,0,0,0,0,0,0,0,0,0,0
airport_capital,2,2,all,35941,2885775,44,48,2312,5,23704,967356,24,0,0
airport_capital,2,2,nature,35271,2405052,16,5,948,3,22783,716588,5,0,0
airport_capital,2,2,structures,670,480723,28,43,1364,2,921,250768,19,0,0
airport_capital,2,2,tower_sky,0,0,0,0,0,0,0,0,0,0,0
airport_capital,2,3,all,35900,2882541,44,48,2312,5,23704,967356,24,0,0
airport_capital,2,3,nature,35230,2401818,16,5,948,3,22783,716588,5,0,0
airport_capital,2,3,structures,670,480723,28,43,1364,2,921,250768,19,0,0
airport_capital,2,3,tower_sky,0,0,0,0,0,0,0,0,0,0,0
airport_capital,2,4,all,35900,2882541,44,48,2312,5,23704,967356,24,0,0
airport_capital,2,4,nature,35230,2401818,16,5,948,3,22783,716588,5,0,0
airport_capital,2,4,structures,670,480723,28,43,1364,2,921,250768,19,0,0
airport_capital,2,4,tower_sky,0,0,0,0,0,0,0,0,0,0,0
airport_ramp_close,2,0,all,37266,2934757,56,2584,821849,21,45957,1750684,36,0,0
airport_ramp_close,2,0,nature,33336,2317751,21,2104,366058,11,43211,1342319,6,0,0
airport_ramp_close,2,0,structures,3930,617006,35,480,455791,10,2746,408365,30,0,0
airport_ramp_close,2,0,tower_sky,223,18264,2,0,0,0,170,13904,2,0,0
airport_ramp_close,2,1,all,37291,3186545,60,2584,821849,21,45957,1750684,36,39,257396
airport_ramp_close,2,1,nature,33336,2317751,21,2104,366058,11,43211,1342319,6,0,0
airport_ramp_close,2,1,structures,3955,868794,39,480,455791,10,2746,408365,30,39,257396
airport_ramp_close,2,1,tower_sky,223,18264,2,0,0,0,170,13904,2,0,0
airport_ramp_close,2,2,all,37270,3098129,60,2584,821849,21,45957,1750684,36,26,175672
airport_ramp_close,2,2,nature,33336,2317751,21,2104,366058,11,43211,1342319,6,0,0
airport_ramp_close,2,2,structures,3934,780378,39,480,455791,10,2746,408365,30,26,175672
airport_ramp_close,2,2,tower_sky,223,18264,2,0,0,0,170,13904,2,0,0
airport_ramp_close,2,3,all,37080,3091825,60,2584,821849,21,45957,1750684,36,26,175672
airport_ramp_close,2,3,nature,33147,2311471,21,2104,366058,11,43211,1342319,6,0,0
airport_ramp_close,2,3,structures,3933,780354,39,480,455791,10,2746,408365,30,26,175672
airport_ramp_close,2,3,tower_sky,223,18264,2,0,0,0,170,13904,2,0,0
airport_ramp_close,2,4,all,37076,2928453,56,2584,821849,21,45957,1750684,36,0,0
airport_ramp_close,2,4,nature,33147,2311471,21,2104,366058,11,43211,1342319,6,0,0
airport_ramp_close,2,4,structures,3929,616982,35,480,455791,10,2746,408365,30,0,0
airport_ramp_close,2,4,tower_sky,223,18264,2,0,0,0,170,13904,2,0,0
