scene,q,mode,view_triangles,close_instances,close_triangles,near_shadow_triangles,far_shadow_triangles
cold_forest_0,1,0,5745764,0,0,2083622,2037620
cold_forest_0,1,2,7492768,326,1700350,2112858,2037620
cold_forest_0,1,4,6327686,105,575700,2112858,2037620
cold_forest_1,1,0,6286262,0,0,2097270,1798436
cold_forest_1,1,2,8131106,326,1700350,2118072,1798436
cold_forest_1,1,4,6879634,97,489310,2118072,1798436
cold_forest_2,1,0,5952474,0,0,2093934,2341664
cold_forest_2,1,2,7325678,224,1151916,2117134,2341664
cold_forest_2,1,4,6571749,96,498808,2117134,2341664
cold_forest_3,1,0,6453832,0,0,2092930,2295730
cold_forest_3,1,2,7967156,230,1216434,2127876,2295730
cold_forest_3,1,4,7187652,102,515224,2127876,2295730
cold_forest_0,2,0,7926960,0,0,3480682,2994030
cold_forest_0,2,2,10427622,456,2385982,3522080,2994030
cold_forest_0,2,4,8791896,149,801734,3522080,2994030
cold_forest_1,2,0,8596948,0,0,3450436,2529422
cold_forest_1,2,2,11216410,456,2385982,3498604,2529422
cold_forest_1,2,4,9432882,127,662272,3498604,2529422
cold_forest_2,2,0,8239007,0,0,3443308,3035680
cold_forest_2,2,2,10090487,294,1529430,3492110,3035680
cold_forest_2,2,4,9023658,130,671424,3492110,3035680
cold_forest_3,2,0,9281574,0,0,3476834,2999242
cold_forest_3,2,2,11419844,314,1644190,3504698,2999242
cold_forest_3,2,4,10383262,146,740000,3504698,2999242
