scene,q,mode,view_instances,view_triangles,near_shadow_triangles,far_shadow_triangles,close_instances,close_triangles,close_offscreen_instances,close_offscreen_triangles
foliage_closeup,1,0,43427,5670069,2848540,2164048,0,0,0,0
foliage_closeup,1,1,43427,5785393,2320956,2164048,0,0,0,0
foliage_closeup,1,2,43509,6893779,2320956,2164048,276,1251728,196,883608
foliage_closeup,1,3,43250,5951655,2320956,2164048,77,352222,0,0
foliage_closeup,1,4,43236,5951083,2320956,2164048,77,352222,0,0
forest_cedar_ridge,1,0,47649,6369439,2999944,2294486,0,0,0,0
forest_cedar_ridge,1,1,47649,6436675,2457092,2294486,0,0,0,0
forest_cedar_ridge,1,2,47729,7078563,2457092,2294486,151,695600,130,600868
forest_cedar_ridge,1,3,47528,6403469,2457092,2294486,15,68272,0,0
forest_cedar_ridge,1,4,47512,6402503,2457092,2294486,15,68272,0,0
rock_closeup,1,0,44970,5759011,2975850,1894580,0,0,0,0
rock_closeup,1,1,44970,5729085,2399624,1894580,0,0,0,0
rock_closeup,1,2,45065,7009385,2399624,1894580,329,1449438,227,1006650
rock_closeup,1,3,44763,5927847,2399624,1894580,97,416170,0,0
rock_closeup,1,4,44763,5927847,2399624,1894580,97,416170,0,0
forest_ground_0,1,0,70876,7398386,2885972,2384296,0,0,0,0
forest_ground_0,1,1,70876,7647894,2349106,2384296,0,0,0,0
forest_ground_0,1,2,70958,8817386,2349106,2384296,288,1322382,197,903554
forest_ground_0,1,3,70698,7854044,2349106,2384296,88,402930,0,0
forest_ground_0,1,4,70364,7842930,2349106,2384296,88,402930,0,0
forest_ground_1,1,0,77704,7519577,3010986,2680968,0,0,0,0
forest_ground_1,1,1,77704,7973595,2493284,2680968,0,0,0,0
forest_ground_1,1,2,77786,9143087,2493284,2680968,288,1322382,180,831024
forest_ground_1,1,3,77546,8251225,2493284,2680968,104,472930,0,0
forest_ground_1,1,4,76594,8220215,2493284,2680968,104,472930,0,0
forest_ground_2,1,0,58739,7033812,2832106,2350722,0,0,0,0
forest_ground_2,1,1,58739,7397164,2332590,2350722,0,0,0,0
forest_ground_2,1,2,58821,8566656,2332590,2350722,288,1322382,189,865038
forest_ground_2,1,3,58574,7657422,2332590,2350722,98,455376,0,0
forest_ground_2,1,4,58326,7649648,2332590,2350722,98,455376,0,0
forest_ground_3,1,0,42386,5348421,2699842,2059050,0,0,0,0
forest_ground_3,1,1,42386,5371869,2167924,2059050,0,0,0,0
forest_ground_3,1,2,42465,6526807,2167924,2059050,285,1307828,190,856556
forest_ground_3,1,3,42211,5594611,2167924,2059050,88,418290,0,0
forest_ground_3,1,4,42166,5591965,2167924,2059050,88,418290,0,0
foliage_closeup,2,0,45700,7302958,4601532,2833912,0,0,0,0
foliage_closeup,2,1,45700,7417362,3664474,2833912,0,0,0,0
foliage_closeup,2,2,45826,9085870,3664474,2833912,417,1881976,303,1354868
foliage_closeup,2,3,45424,7648184,3664474,2833912,111,511210,0,0
foliage_closeup,2,4,45402,7646908,3664474,2833912,111,511210,0,0
forest_ground_0,2,0,89454,10536333,4667668,2978292,0,0,0,0
forest_ground_0,2,1,89454,10855279,3705646,2978292,0,0,0,0
forest_ground_0,2,2,89581,12552027,3705646,2978292,422,1916086,296,1340894
forest_ground_0,2,3,89183,11111191,3705646,2978292,120,544558,0,0
forest_ground_0,2,4,88752,11082139,3705646,2978292,120,544558,0,0
